Datetime,Water Level (m)
2025-04-08 18:00:00,-0.8252763
2025-04-08 19:00:00,-0.93147653
2025-04-08 20:00:00,-0.9125032
2025-04-08 21:00:00,-0.6442412
2025-04-08 22:00:00,-0.27413675
2025-04-08 23:00:00,0.06910597
2025-04-09 00:00:00,0.32592902
2025-04-09 01:00:00,0.44623703
2025-04-09 02:00:00,0.43342814
2025-04-09 03:00:00,0.2138751
2025-04-09 04:00:00,-0.12537678
2025-04-09 05:00:00,-0.4505906
2025-04-09 06:00:00,-0.74707556
2025-04-09 07:00:00,-0.8405897
2025-04-09 08:00:00,-0.7903632
2025-04-09 09:00:00,-0.57753414
2025-04-09 10:00:00,-0.22432053
2025-04-09 11:00:00,0.16264996
2025-04-09 12:00:00,0.4894178
2025-04-09 13:00:00,0.63263935
2025-04-09 14:00:00,0.6234683
2025-04-09 15:00:00,0.4594682
2025-04-09 16:00:00,0.054515533
2025-04-09 17:00:00,-0.39998963
2025-04-09 18:00:00,-0.83999723
2025-04-09 19:00:00,-0.9977034
2025-04-09 20:00:00,-0.98870677
2025-04-09 21:00:00,-0.811771
2025-04-09 22:00:00,-0.45909455
2025-04-09 23:00:00,-0.022156646
2025-04-10 00:00:00,0.3281082
2025-04-10 01:00:00,0.57435274
2025-04-10 02:00:00,0.6398011
2025-04-10 03:00:00,0.52441424
2025-04-10 04:00:00,0.21335311
2025-04-10 05:00:00,-0.21281847
2025-04-10 06:00:00,-0.6500432
2025-04-10 07:00:00,-0.91695887
2025-04-10 08:00:00,-0.9245335
2025-04-10 09:00:00,-0.79476887
2025-04-10 10:00:00,-0.47669825
2025-04-10 11:00:00,-0.02311968
2025-04-10 12:00:00,0.39267093
2025-04-10 13:00:00,0.6785479
2025-04-10 14:00:00,0.74806523
2025-04-10 15:00:00,0.6536865
2025-04-10 16:00:00,0.33168852
2025-04-10 17:00:00,-0.1661851
2025-04-10 18:00:00,-0.6786281
2025-04-10 19:00:00,-1.0322059
2025-04-10 20:00:00,-1.0902812
2025-04-10 21:00:00,-0.9705808
2025-04-10 22:00:00,-0.6508816
2025-04-10 23:00:00,-0.20593876
2025-04-11 00:00:00,0.247393
2025-04-11 01:00:00,0.6318899
2025-04-11 02:00:00,0.7846722
2025-04-11 03:00:00,0.7379497
2025-04-11 04:00:00,0.5084284
2025-04-11 05:00:00,0.05760326
2025-04-11 06:00:00,-0.4283002
2025-04-11 07:00:00,-0.86781794
2025-04-11 08:00:00,-0.9743356
2025-04-11 09:00:00,-0.90567684
2025-04-11 10:00:00,-0.665757
2025-04-11 11:00:00,-0.25110057
2025-04-11 12:00:00,0.24095413
2025-04-11 13:00:00,0.6444969
2025-04-11 14:00:00,0.830025
2025-04-11 15:00:00,0.8018467
2025-04-11 16:00:00,0.5620648
2025-04-11 17:00:00,0.095408164
2025-04-11 18:00:00,-0.43343332
2025-04-11 19:00:00,-0.9601651
2025-04-11 20:00:00,-1.152659
2025-04-11 21:00:00,-1.1373746
2025-04-11 22:00:00,-0.84615135
2025-04-11 23:00:00,-0.40599984
2025-04-12 00:00:00,0.09961741
2025-04-12 01:00:00,0.5530195
2025-04-12 02:00:00,0.83727336
2025-04-12 03:00:00,0.8810034
2025-04-12 04:00:00,0.71335405
2025-04-12 05:00:00,0.3226268
2025-04-12 06:00:00,-0.20127577
2025-04-12 07:00:00,-0.725136
2025-04-12 08:00:00,-1.0207982
2025-04-12 09:00:00,-1.0299004
2025-04-12 10:00:00,-0.85977864
2025-04-12 11:00:00,-0.48611102
2025-04-12 12:00:00,-0.0064140735
2025-04-12 13:00:00,0.444149
2025-04-12 14:00:00,0.7781758
2025-04-12 15:00:00,0.84267753
2025-04-12 16:00:00,0.6797443
2025-04-12 17:00:00,0.27874562
2025-04-12 18:00:00,-0.25403953
2025-04-12 19:00:00,-0.8337594
2025-04-12 20:00:00,-1.1392127
2025-04-12 21:00:00,-1.1738093
2025-04-12 22:00:00,-0.99995303
2025-04-12 23:00:00,-0.6575907
2025-04-13 00:00:00,-0.173132
2025-04-13 01:00:00,0.35911754
2025-04-13 02:00:00,0.781519
2025-04-13 03:00:00,0.94433093
2025-04-13 04:00:00,0.88471675
2025-04-13 05:00:00,0.58111227
2025-04-13 06:00:00,0.034286268
2025-04-13 07:00:00,-0.49733126
2025-04-13 08:00:00,-0.98047864
2025-04-13 09:00:00,-1.0812985
2025-04-13 10:00:00,-1.0093114
2025-04-13 11:00:00,-0.7038363
2025-04-13 12:00:00,-0.26169536
2025-04-13 13:00:00,0.20633842
2025-04-13 14:00:00,0.60588866
2025-04-13 15:00:00,0.8114326
2025-04-13 16:00:00,0.7339035
2025-04-13 17:00:00,0.4387599
2025-04-13 18:00:00,-0.049181636
2025-04-13 19:00:00,-0.62157387
2025-04-13 20:00:00,-1.1377592
2025-04-13 21:00:00,-1.2560252
2025-04-13 22:00:00,-1.17442
2025-04-13 23:00:00,-0.8536332
2025-04-14 00:00:00,-0.39239526
2025-04-14 01:00:00,0.14458013
2025-04-14 02:00:00,0.62385267
2025-04-14 03:00:00,0.90893763
2025-04-14 04:00:00,0.9350635
2025-04-14 05:00:00,0.75623465
2025-04-14 06:00:00,0.31004202
2025-04-14 07:00:00,-0.22114074
2025-04-14 08:00:00,-0.73878694
2025-04-14 09:00:00,-1.0294745
2025-04-14 10:00:00,-1.0755856
2025-04-14 11:00:00,-0.87821287
2025-04-14 12:00:00,-0.45295858
2025-04-14 13:00:00,0.008678616
2025-04-14 14:00:00,0.44408882
2025-04-14 15:00:00,0.7495917
2025-04-14 16:00:00,0.7764926
2025-04-14 17:00:00,0.55431634
2025-04-14 18:00:00,0.1283897
